Store,StoreType,Assortment,CompetitionDistance,CompetitionOpenSinceMonth,CompetitionOpenSinceYear,Promo2,Promo2SinceWeek,Promo2SinceYear,PromoInterval
1,2,0,1270.0,9.0,2008.0,0,50.0,2015.0,1
2,0,0,570.0,11.0,2007.0,1,13.0,2010.0,1
3,0,0,14130.0,12.0,2006.0,1,14.0,2011.0,1
4,2,2,620.0,9.0,2009.0,0,50.0,2015.0,1
5,0,0,29910.0,4.0,2015.0,0,50.0,2015.0,1
6,0,0,310.0,12.0,2013.0,0,50.0,2015.0,1
7,0,2,24000.0,4.0,2013.0,0,50.0,2015.0,1
8,0,0,7520.0,10.0,2014.0,0,50.0,2015.0,1
9,0,2,2030.0,8.0,2000.0,0,50.0,2015.0,1
10,0,0,3160.0,9.0,2009.0,0,50.0,2015.0,1
11,0,2,960.0,11.0,2011.0,1,1.0,2012.0,1
12,0,2,1070.0,12.0,2015.0,1,13.0,2010.0,1
13,3,0,310.0,12.0,2015.0,1,45.0,2009.0,0
14,0,0,1300.0,3.0,2014.0,1,40.0,2011.0,1
15,3,2,4110.0,3.0,2010.0,1,14.0,2011.0,1
16,0,2,3270.0,12.0,2015.0,0,50.0,2015.0,1
17,0,0,50.0,12.0,2005.0,1,26.0,2010.0,1
18,3,2,13840.0,6.0,2010.0,1,14.0,2012.0,1
19,0,2,3240.0,12.0,2015.0,1,22.0,2011.0,2
20,3,0,2340.0,5.0,2009.0,1,40.0,2014.0,1
21,2,2,550.0,10.0,1999.0,1,45.0,2009.0,1
22,0,0,1040.0,12.0,2015.0,1,22.0,2012.0,1
23,3,0,4060.0,8.0,2005.0,0,50.0,2015.0,1
24,0,2,4590.0,3.0,2000.0,1,40.0,2011.0,1
25,2,0,430.0,4.0,2003.0,0,50.0,2015.0,1
26,3,0,2300.0,12.0,2015.0,0,50.0,2015.0,1
27,0,0,60.0,1.0,2005.0,1,5.0,2011.0,1
28,0,0,1200.0,10.0,2014.0,1,6.0,2015.0,2
29,3,2,2170.0,12.0,2015.0,0,50.0,2015.0,1
30,0,0,40.0,2.0,2014.0,1,10.0,2014.0,2
31,3,2,9800.0,7.0,2012.0,0,50.0,2015.0,1
32,0,0,2910.0,12.0,2015.0,1,45.0,2009.0,0
33,0,2,1320.0,5.0,2013.0,0,50.0,2015.0,1
34,2,0,2240.0,9.0,2009.0,0,50.0,2015.0,1
35,3,2,7660.0,10.0,2000.0,1,1.0,2012.0,1
36,0,2,540.0,6.0,2003.0,1,40.0,2014.0,1
37,2,0,4230.0,12.0,2014.0,0,50.0,2015.0,1
38,3,0,1090.0,4.0,2007.0,0,50.0,2015.0,1
39,0,0,260.0,10.0,2006.0,1,31.0,2013.0,0
40,0,0,180.0,12.0,2015.0,1,45.0,2009.0,0
41,3,2,1180.0,12.0,2015.0,1,31.0,2013.0,1
42,0,2,290.0,12.0,2015.0,1,40.0,2011.0,1
43,3,0,4880.0,12.0,2015.0,1,37.0,2009.0,1
44,0,0,540.0,6.0,2011.0,0,50.0,2015.0,1
45,3,0,9710.0,2.0,2014.0,0,50.0,2015.0,1
46,2,0,1200.0,9.0,2005.0,1,14.0,2011.0,1
47,0,2,270.0,4.0,2013.0,1,14.0,2013.0,1
48,0,0,1060.0,5.0,2012.0,0,50.0,2015.0,1
49,3,2,18010.0,9.0,2007.0,0,50.0,2015.0,1
50,3,0,6260.0,11.0,2009.0,0,50.0,2015.0,1
51,0,2,10570.0,7.0,2013.0,1,9.0,2011.0,1
52,3,2,450.0,4.0,2014.0,1,39.0,2010.0,1
53,0,2,30360.0,9.0,2013.0,0,50.0,2015.0,1
54,3,2,7170.0,8.0,2014.0,1,5.0,2013.0,0
55,0,0,720.0,11.0,2004.0,0,50.0,2015.0,1
56,3,2,6620.0,3.0,2012.0,1,10.0,2014.0,2
57,3,2,420.0,6.0,2014.0,0,50.0,2015.0,1
58,0,2,7340.0,5.0,2008.0,1,27.0,2012.0,1
59,0,2,2840.0,6.0,2007.0,1,14.0,2011.0,1
60,3,2,5540.0,10.0,2009.0,0,50.0,2015.0,1
61,0,2,350.0,12.0,2007.0,1,1.0,2012.0,1
62,0,0,2050.0,12.0,2015.0,0,50.0,2015.0,1
63,2,2,3700.0,6.0,2010.0,1,18.0,2010.0,0
64,3,2,22560.0,12.0,2015.0,1,14.0,2013.0,1
65,0,2,13840.0,5.0,2010.0,1,1.0,2012.0,1
66,3,0,7660.0,12.0,2015.0,1,37.0,2009.0,1
67,0,2,410.0,2.0,2006.0,0,50.0,2015.0,1
68,0,2,250.0,12.0,2015.0,1,35.0,2012.0,2
69,2,2,1130.0,12.0,2015.0,1,40.0,2011.0,1
70,2,2,4840.0,12.0,2015.0,0,50.0,2015.0,1
71,0,0,17500.0,8.0,2008.0,1,37.0,2009.0,2
72,0,0,2200.0,12.0,2009.0,1,13.0,2010.0,1
73,0,2,1650.0,9.0,2008.0,0,50.0,2015.0,1
74,0,0,330.0,12.0,2015.0,0,50.0,2015.0,1
75,3,2,22440.0,12.0,2013.0,0,50.0,2015.0,1
76,3,2,19960.0,3.0,2006.0,0,50.0,2015.0,1
77,3,2,1090.0,8.0,2009.0,1,10.0,2014.0,1
78,0,0,3510.0,11.0,2006.0,1,5.0,2013.0,0
79,0,0,3320.0,12.0,2015.0,0,50.0,2015.0,1
80,3,0,7910.0,12.0,2015.0,0,50.0,2015.0,1
81,0,0,2370.0,3.0,2011.0,1,40.0,2014.0,1
82,0,0,22390.0,4.0,2008.0,1,37.0,2009.0,1
83,0,0,2710.0,12.0,2015.0,0,50.0,2015.0,1
84,0,2,11810.0,8.0,2014.0,0,50.0,2015.0,1
85,1,0,1870.0,10.0,2011.0,0,50.0,2015.0,1
86,0,0,480.0,2.0,2005.0,1,31.0,2013.0,1
87,0,0,560.0,12.0,2010.0,0,50.0,2015.0,1
88,0,0,10690.0,10.0,2005.0,0,50.0,2015.0,1
89,0,0,2380.0,7.0,2004.0,1,40.0,2014.0,1
90,0,0,330.0,11.0,2007.0,0,50.0,2015.0,1
91,2,0,2410.0,12.0,2015.0,1,35.0,2011.0,1
92,2,0,240.0,12.0,2015.0,1,45.0,2009.0,0
93,0,0,16690.0,12.0,2015.0,1,14.0,2011.0,1
94,3,2,14620.0,12.0,2015.0,0,50.0,2015.0,1
95,0,0,1890.0,10.0,2014.0,0,50.0,2015.0,1
96,0,0,8780.0,2.0,2005.0,1,37.0,2009.0,1
97,3,2,8980.0,12.0,2015.0,0,50.0,2015.0,1
98,3,2,15140.0,12.0,2006.0,1,1.0,2012.0,1
99,2,2,2030.0,11.0,2003.0,1,22.0,2012.0,2
100,3,0,17930.0,12.0,2015.0,0,50.0,2015.0,1
101,3,2,2440.0,12.0,2015.0,1,22.0,2012.0,2
102,0,0,150.0,12.0,2007.0,1,10.0,2014.0,2
103,3,2,5210.0,5.0,2015.0,0,50.0,2015.0,1
104,0,0,390.0,6.0,2009.0,0,50.0,2015.0,1
105,0,2,6190.0,12.0,2015.0,1,23.0,2013.0,2
106,0,0,1390.0,8.0,2013.0,0,50.0,2015.0,1
107,0,0,1930.0,9.0,2009.0,0,50.0,2015.0,1
108,3,2,2190.0,9.0,2003.0,0,50.0,2015.0,1
109,0,2,3300.0,11.0,2010.0,0,50.0,2015.0,1
110,0,2,46590.0,4.0,2013.0,0,50.0,2015.0,1
111,3,2,7890.0,12.0,2015.0,1,37.0,2009.0,1
112,0,0,1630.0,9.0,2009.0,0,50.0,2015.0,1
113,3,2,20930.0,11.0,1999.0,0,50.0,2015.0,1
114,2,0,4510.0,12.0,2015.0,1,48.0,2011.0,2
115,3,2,5740.0,4.0,2007.0,1,40.0,2014.0,1
116,0,0,680.0,4.0,2013.0,0,50.0,2015.0,1
117,0,0,3450.0,9.0,2011.0,0,50.0,2015.0,1
118,3,2,3580.0,9.0,2012.0,0,50.0,2015.0,1
119,0,2,2100.0,2.0,2010.0,0,50.0,2015.0,1
120,3,0,2290.0,12.0,2014.0,1,37.0,2009.0,1
121,0,0,3570.0,11.0,2009.0,1,36.0,2013.0,2
122,0,2,58260.0,4.0,2013.0,0,50.0,2015.0,1
123,0,0,16760.0,9.0,2011.0,0,50.0,2015.0,1
124,0,0,1410.0,4.0,2003.0,0,50.0,2015.0,1
125,0,0,760.0,12.0,2005.0,0,50.0,2015.0,1
126,3,0,3370.0,10.0,2014.0,1,18.0,2011.0,0
127,3,0,1350.0,12.0,2005.0,1,13.0,2010.0,1
128,3,2,2000.0,12.0,2015.0,1,1.0,2013.0,1
129,0,0,2460.0,12.0,2015.0,1,14.0,2011.0,1
130,2,0,900.0,12.0,2015.0,1,13.0,2010.0,1
131,2,0,920.0,7.0,2015.0,0,50.0,2015.0,1
132,3,2,1040.0,12.0,2015.0,1,27.0,2012.0,1
133,0,0,270.0,8.0,2013.0,1,10.0,2014.0,2
134,0,0,1200.0,9.0,2008.0,0,50.0,2015.0,1
135,3,0,5190.0,12.0,2015.0,1,1.0,2013.0,1
136,0,2,2200.0,12.0,2010.0,1,22.0,2012.0,0
137,0,0,1730.0,7.0,2015.0,1,40.0,2014.0,1
138,0,2,25360.0,10.0,2014.0,0,50.0,2015.0,1
139,0,0,1700.0,1.0,2008.0,1,14.0,2011.0,1
140,0,2,1090.0,7.0,2010.0,1,1.0,2013.0,1
141,2,2,1540.0,12.0,2015.0,1,22.0,2012.0,2
142,0,0,1090.0,7.0,2002.0,0,50.0,2015.0,1
143,3,0,2930.0,12.0,2002.0,0,50.0,2015.0,1
144,0,2,16570.0,12.0,2015.0,0,50.0,2015.0,1
145,0,0,280.0,12.0,2015.0,1,45.0,2009.0,0
146,3,2,8050.0,10.0,1961.0,1,48.0,2012.0,1
147,3,2,8540.0,12.0,2015.0,0,50.0,2015.0,1
148,0,0,2090.0,12.0,2008.0,0,50.0,2015.0,1
149,3,0,2610.0,7.0,2006.0,1,14.0,2011.0,1
150,2,2,31830.0,3.0,2010.0,0,50.0,2015.0,1
151,3,2,4360.0,10.0,2005.0,0,50.0,2015.0,1
152,0,0,1780.0,12.0,2015.0,0,50.0,2015.0,1
153,0,0,16240.0,10.0,2000.0,1,18.0,2011.0,0
154,3,2,16420.0,12.0,2015.0,0,50.0,2015.0,1
155,3,0,3050.0,12.0,2015.0,1,35.0,2010.0,1
156,0,0,2020.0,2.0,2011.0,1,14.0,2011.0,2
157,0,2,2950.0,10.0,2004.0,0,50.0,2015.0,1
158,3,2,11840.0,12.0,2015.0,1,31.0,2009.0,0
159,3,0,8530.0,3.0,2013.0,0,50.0,2015.0,1
160,3,2,17110.0,11.0,2005.0,0,50.0,2015.0,1
161,0,2,2970.0,3.0,2005.0,0,50.0,2015.0,1
162,3,2,5340.0,3.0,2012.0,1,13.0,2010.0,1
163,0,0,1480.0,4.0,2009.0,0,50.0,2015.0,1
164,0,0,1160.0,9.0,2005.0,1,13.0,2010.0,1
165,0,0,3720.0,4.0,2005.0,1,13.0,2010.0,1
166,0,2,100.0,4.0,2014.0,1,31.0,2013.0,1
167,0,0,140.0,4.0,2008.0,0,50.0,2015.0,1
168,0,0,12540.0,12.0,2015.0,0,50.0,2015.0,1
169,3,0,980.0,7.0,2014.0,1,18.0,2014.0,0
170,0,0,1070.0,5.0,2015.0,1,14.0,2011.0,1
171,0,0,2640.0,12.0,2015.0,0,50.0,2015.0,1
172,0,0,110.0,12.0,2015.0,1,40.0,2014.0,1
173,0,0,350.0,12.0,2012.0,0,50.0,2015.0,1
174,0,0,13090.0,12.0,2015.0,1,22.0,2012.0,1
175,2,0,4130.0,12.0,2015.0,0,50.0,2015.0,1
176,0,0,3770.0,12.0,2015.0,0,50.0,2015.0,1
177,0,0,1250.0,2.0,2004.0,1,5.0,2013.0,0
178,3,0,1710.0,12.0,2015.0,0,50.0,2015.0,1
179,0,2,480.0,12.0,2015.0,0,50.0,2015.0,1
180,3,0,5800.0,9.0,2010.0,0,50.0,2015.0,1
181,0,0,12610.0,3.0,2013.0,1,14.0,2011.0,1
182,3,2,1390.0,12.0,2015.0,1,9.0,2011.0,2
183,0,0,9670.0,12.0,2015.0,0,50.0,2015.0,1
184,3,2,3560.0,12.0,2015.0,0,50.0,2015.0,1
185,3,2,1860.0,5.0,2015.0,0,50.0,2015.0,1
186,0,0,290.0,10.0,2011.0,1,40.0,2014.0,1
187,0,2,19360.0,12.0,2015.0,0,50.0,2015.0,1
188,3,0,850.0,12.0,2015.0,1,18.0,2011.0,0
189,3,0,5760.0,7.0,2014.0,0,50.0,2015.0,1
190,0,0,1470.0,12.0,2006.0,1,40.0,2014.0,1
191,0,0,1100.0,8.0,2013.0,1,40.0,2014.0,1
192,3,2,2770.0,3.0,2008.0,1,40.0,2014.0,1
193,0,0,520.0,12.0,2015.0,0,50.0,2015.0,1
194,3,2,16970.0,12.0,2015.0,1,5.0,2013.0,0
195,0,2,220.0,12.0,2015.0,0,50.0,2015.0,1
196,2,0,3850.0,11.0,2005.0,1,14.0,2011.0,1
197,2,0,4210.0,3.0,2015.0,0,50.0,2015.0,1
198,0,0,290.0,9.0,2002.0,1,13.0,2010.0,1
199,3,2,6360.0,12.0,2010.0,1,14.0,2012.0,2
200,0,0,1650.0,10.0,2000.0,0,50.0,2015.0,1
201,3,0,20260.0,12.0,2015.0,1,18.0,2014.0,2
202,3,2,5140.0,5.0,2010.0,0,50.0,2015.0,1
203,2,2,490.0,11.0,2002.0,0,50.0,2015.0,1
204,0,0,5630.0,12.0,2002.0,1,40.0,2014.0,1
205,0,0,110.0,12.0,2007.0,0,50.0,2015.0,1
206,0,2,380.0,12.0,2015.0,1,14.0,2012.0,1
207,0,0,6870.0,12.0,2015.0,0,50.0,2015.0,1
208,2,0,300.0,4.0,2006.0,0,50.0,2015.0,1
209,0,2,11680.0,9.0,2011.0,1,31.0,2013.0,1
210,3,0,970.0,11.0,1999.0,1,5.0,2013.0,0
211,0,2,350.0,11.0,2006.0,0,50.0,2015.0,1
212,0,2,15050.0,9.0,2008.0,0,50.0,2015.0,1
213,3,2,4030.0,3.0,2014.0,1,1.0,2014.0,1
214,3,0,8650.0,7.0,2013.0,1,10.0,2014.0,1
215,3,0,150.0,12.0,2015.0,1,45.0,2009.0,0
216,2,0,190.0,12.0,2015.0,1,45.0,2009.0,0
217,2,0,3150.0,12.0,2015.0,0,50.0,2015.0,1
218,0,2,640.0,12.0,2015.0,1,9.0,2011.0,2
219,0,0,1640.0,2.0,2013.0,0,50.0,2015.0,1
220,0,0,1000.0,9.0,2008.0,0,50.0,2015.0,1
221,3,2,13530.0,9.0,2013.0,0,50.0,2015.0,1
222,0,0,2170.0,11.0,2008.0,0,50.0,2015.0,1
223,3,2,2920.0,10.0,1995.0,1,27.0,2011.0,1
224,3,2,7930.0,12.0,2015.0,1,1.0,2013.0,1
225,3,0,10180.0,5.0,2015.0,0,50.0,2015.0,1
226,0,0,450.0,12.0,2015.0,0,50.0,2015.0,1
227,0,0,2370.0,12.0,2015.0,0,50.0,2015.0,1
228,3,2,10800.0,12.0,2015.0,1,18.0,2011.0,0
229,3,2,17410.0,4.0,2007.0,1,14.0,2011.0,1
230,3,2,6680.0,9.0,2013.0,0,50.0,2015.0,1
231,3,2,3840.0,10.0,2008.0,1,39.0,2010.0,0
232,2,2,13570.0,5.0,2010.0,1,10.0,2013.0,2
233,0,0,1890.0,12.0,2015.0,0,50.0,2015.0,1
234,3,0,4370.0,12.0,2015.0,0,50.0,2015.0,1
235,0,0,5710.0,3.0,2012.0,1,37.0,2009.0,1
236,0,0,1000.0,11.0,2007.0,0,50.0,2015.0,1
237,0,0,1420.0,11.0,2007.0,0,50.0,2015.0,1
238,0,0,320.0,12.0,2015.0,1,45.0,2009.0,0
239,3,2,610.0,12.0,2015.0,0,50.0,2015.0,1
240,0,0,1110.0,5.0,2009.0,0,50.0,2015.0,1
241,3,2,780.0,12.0,2015.0,0,50.0,2015.0,1
242,3,0,6880.0,9.0,2001.0,1,14.0,2011.0,1
243,0,0,310.0,12.0,2015.0,1,5.0,2013.0,0
244,3,0,710.0,3.0,2012.0,1,1.0,2012.0,1
245,0,2,1310.0,12.0,2015.0,0,50.0,2015.0,1
246,2,0,4660.0,4.0,2013.0,0,50.0,2015.0,1
247,3,2,70.0,11.0,2010.0,1,5.0,2013.0,0
248,0,2,340.0,9.0,2012.0,1,40.0,2012.0,1
249,3,2,18010.0,9.0,2014.0,0,50.0,2015.0,1
250,3,0,3520.0,12.0,2015.0,1,18.0,2012.0,0
251,0,2,340.0,12.0,2015.0,0,50.0,2015.0,1
252,3,2,22330.0,12.0,2015.0,1,5.0,2010.0,0
253,0,2,250.0,12.0,2015.0,1,5.0,2013.0,0
254,3,0,330.0,3.0,2008.0,1,1.0,2012.0,2
255,2,2,4630.0,3.0,2011.0,1,35.0,2011.0,0
256,0,2,80.0,9.0,2005.0,1,10.0,2014.0,2
257,0,0,420.0,12.0,2012.0,0,50.0,2015.0,1
258,0,0,27190.0,7.0,2010.0,1,37.0,2009.0,1
259,1,1,210.0,12.0,2015.0,0,50.0,2015.0,1
260,0,0,540.0,10.0,2011.0,0,50.0,2015.0,1
261,3,2,15340.0,4.0,2015.0,1,39.0,2009.0,1
262,1,0,1180.0,5.0,2013.0,0,50.0,2015.0,1
263,0,2,1140.0,5.0,2013.0,1,40.0,2014.0,1
264,0,0,180.0,3.0,2014.0,0,50.0,2015.0,1
265,0,0,4580.0,12.0,2015.0,1,14.0,2015.0,1
266,0,2,360.0,3.0,2014.0,1,9.0,2011.0,2
267,2,0,2460.0,1.0,2012.0,0,50.0,2015.0,1
268,0,0,4520.0,2.0,2014.0,0,50.0,2015.0,1
269,0,2,60.0,6.0,2015.0,0,50.0,2015.0,1
270,0,0,1450.0,7.0,2014.0,0,50.0,2015.0,1
271,0,0,420.0,12.0,2015.0,1,14.0,2011.0,1
272,0,0,16180.0,7.0,2003.0,1,14.0,2011.0,1
273,0,2,8480.0,12.0,2015.0,0,50.0,2015.0,1
274,1,1,3640.0,12.0,2015.0,1,10.0,2013.0,1
275,3,0,300.0,5.0,2014.0,1,40.0,2014.0,1
276,0,0,2960.0,10.0,2014.0,1,36.0,2013.0,2
277,3,2,7840.0,12.0,2015.0,1,31.0,2009.0,0
278,0,2,9260.0,2.0,2010.0,0,50.0,2015.0,1
279,3,2,2320.0,12.0,2015.0,1,40.0,2012.0,1
280,3,2,18640.0,9.0,2013.0,1,10.0,2014.0,2
281,3,2,6970.0,9.0,2011.0,0,50.0,2015.0,1
282,0,0,1220.0,12.0,2010.0,0,50.0,2015.0,1
283,0,0,2260.0,12.0,2015.0,1,40.0,2014.0,1
284,3,0,1290.0,12.0,2015.0,1,40.0,2014.0,1
285,0,0,2410.0,12.0,2015.0,0,50.0,2015.0,1
286,0,0,1460.0,4.0,2015.0,0,50.0,2015.0,1
287,2,0,2740.0,5.0,2009.0,1,40.0,2014.0,1
288,3,0,800.0,12.0,2015.0,1,14.0,2011.0,2
289,3,0,6540.0,12.0,2007.0,0,50.0,2015.0,1
290,0,0,4150.0,5.0,2001.0,0,50.0,2015.0,1
291,3,0,75860.0,12.0,2015.0,0,50.0,2015.0,1
292,0,0,1100.0,6.0,2009.0,0,50.0,2015.0,1
293,2,2,140.0,11.0,2007.0,0,50.0,2015.0,1
294,0,0,3150.0,5.0,2005.0,0,50.0,2015.0,1
295,0,0,210.0,11.0,2000.0,1,36.0,2013.0,2
296,0,0,9580.0,5.0,2007.0,1,45.0,2014.0,0
297,0,0,2300.0,9.0,2010.0,0,50.0,2015.0,1
298,3,0,19840.0,7.0,2009.0,0,50.0,2015.0,1
299,3,2,38630.0,9.0,2012.0,0,50.0,2015.0,1
300,0,2,120.0,4.0,2009.0,1,1.0,2012.0,1
301,0,2,4510.0,3.0,2015.0,0,50.0,2015.0,1
302,3,2,2190.0,12.0,2007.0,1,9.0,2011.0,2
303,0,0,15430.0,11.0,2012.0,1,18.0,2011.0,0
304,0,0,1950.0,7.0,2015.0,0,50.0,2015.0,1
305,2,2,2470.0,2.0,2005.0,1,31.0,2013.0,2
306,0,0,5100.0,4.0,2007.0,1,40.0,2014.0,1
307,0,0,18660.0,9.0,2002.0,0,50.0,2015.0,1
308,0,0,1070.0,12.0,2006.0,1,13.0,2010.0,1
309,3,0,8740.0,12.0,2015.0,1,37.0,2009.0,0
310,0,2,2290.0,12.0,2015.0,1,10.0,2014.0,2
311,0,2,680.0,7.0,2005.0,0,50.0,2015.0,1
312,3,0,11300.0,3.0,2012.0,0,50.0,2015.0,1
313,3,2,14160.0,12.0,2015.0,0,50.0,2015.0,1
314,0,0,3560.0,10.0,2001.0,1,31.0,2013.0,0
315,0,2,38710.0,4.0,2013.0,0,50.0,2015.0,1
316,3,0,9000.0,8.0,2001.0,0,50.0,2015.0,1
317,3,0,3140.0,7.0,2013.0,1,14.0,2011.0,1
318,3,2,32330.0,3.0,2014.0,0,50.0,2015.0,1
319,0,2,570.0,9.0,2012.0,1,27.0,2012.0,2
320,0,2,210.0,9.0,2012.0,0,50.0,2015.0,1
321,2,2,8140.0,11.0,2013.0,1,10.0,2014.0,2
322,0,0,17500.0,4.0,2001.0,1,37.0,2009.0,1
323,3,2,8400.0,4.0,2012.0,1,5.0,2013.0,0
324,0,0,13140.0,12.0,2015.0,1,14.0,2011.0,1
325,0,2,350.0,3.0,2011.0,1,22.0,2011.0,0
326,3,0,10070.0,5.0,2015.0,1,31.0,2013.0,0
327,2,2,1390.0,12.0,2004.0,0,50.0,2015.0,1
328,0,0,3130.0,7.0,2002.0,0,50.0,2015.0,1
329,0,0,1310.0,6.0,1990.0,1,22.0,2012.0,2
330,0,2,370.0,12.0,2015.0,1,22.0,2012.0,2
331,0,2,670.0,12.0,2015.0,1,14.0,2015.0,1
332,0,0,1840.0,3.0,2006.0,0,50.0,2015.0,1
333,0,2,3720.0,2.0,2010.0,0,50.0,2015.0,1
334,3,2,4040.0,8.0,2008.0,1,18.0,2013.0,2
335,1,0,90.0,12.0,2015.0,1,31.0,2013.0,1
336,0,0,190.0,7.0,2014.0,0,50.0,2015.0,1
337,3,2,10600.0,7.0,2005.0,1,45.0,2014.0,0
338,0,2,1590.0,12.0,2015.0,1,37.0,2009.0,1
339,0,2,2280.0,12.0,2015.0,1,10.0,2013.0,2
340,0,2,8080.0,12.0,2015.0,0,50.0,2015.0,1
341,0,0,190.0,9.0,2011.0,0,50.0,2015.0,1
342,3,2,15770.0,12.0,2015.0,1,40.0,2014.0,1
343,3,0,18650.0,4.0,2004.0,1,14.0,2014.0,1
344,0,2,300.0,4.0,2011.0,1,14.0,2011.0,1
345,0,0,120.0,12.0,2015.0,1,22.0,2012.0,1
346,0,2,8090.0,12.0,2015.0,0,50.0,2015.0,1
347,3,2,9360.0,7.0,2013.0,1,22.0,2012.0,2
348,0,0,16490.0,12.0,2015.0,1,22.0,2012.0,1
349,2,2,1490.0,4.0,2009.0,0,50.0,2015.0,1
350,3,0,8880.0,12.0,2015.0,1,14.0,2011.0,1
351,0,0,5290.0,11.0,2012.0,1,5.0,2013.0,0
352,3,2,6360.0,12.0,2015.0,1,40.0,2012.0,2
353,1,1,900.0,12.0,2015.0,1,14.0,2013.0,0
354,3,2,1500.0,10.0,2005.0,0,50.0,2015.0,1
355,0,2,9720.0,8.0,2013.0,0,50.0,2015.0,1
356,3,2,8970.0,12.0,2007.0,1,22.0,2012.0,0
357,0,0,2060.0,10.0,2008.0,0,50.0,2015.0,1
358,0,0,2890.0,10.0,2003.0,0,50.0,2015.0,1
359,3,2,4370.0,12.0,2015.0,0,50.0,2015.0,1
360,0,0,2040.0,6.0,2007.0,0,50.0,2015.0,1
361,2,2,4490.0,5.0,2014.0,1,5.0,2013.0,0
362,2,2,340.0,12.0,2015.0,0,50.0,2015.0,1
363,0,0,250.0,9.0,2009.0,0,50.0,2015.0,1
364,0,2,13620.0,12.0,2015.0,1,10.0,2014.0,2
365,2,0,2410.0,12.0,2015.0,1,45.0,2009.0,0
366,3,2,6470.0,12.0,2004.0,0,50.0,2015.0,1
367,3,2,2640.0,9.0,2012.0,0,50.0,2015.0,1
368,3,2,1450.0,4.0,2005.0,1,45.0,2009.0,0
369,3,2,5870.0,4.0,2014.0,0,50.0,2015.0,1
370,3,0,8250.0,10.0,2000.0,1,31.0,2009.0,1
371,3,2,1970.0,7.0,2009.0,1,45.0,2014.0,0
372,3,2,4880.0,8.0,2010.0,1,18.0,2014.0,1
373,3,2,11120.0,12.0,2015.0,1,22.0,2012.0,1
374,0,0,1150.0,9.0,2007.0,0,50.0,2015.0,1
375,0,2,15710.0,2.0,2013.0,1,37.0,2009.0,1
376,0,0,160.0,8.0,2012.0,0,50.0,2015.0,1
377,0,2,100.0,6.0,2010.0,1,18.0,2010.0,0
378,0,2,2140.0,8.0,2012.0,0,50.0,2015.0,1
379,3,0,6630.0,12.0,2015.0,0,50.0,2015.0,1
380,0,0,2240.0,5.0,2013.0,1,10.0,2014.0,2
381,0,0,1800.0,11.0,2006.0,1,5.0,2013.0,0
382,2,2,26130.0,11.0,2002.0,0,50.0,2015.0,1
383,0,2,350.0,12.0,2015.0,0,50.0,2015.0,1
384,0,2,130.0,12.0,2015.0,1,14.0,2011.0,1
385,3,0,4580.0,9.0,2007.0,0,50.0,2015.0,1
386,3,2,1460.0,4.0,2014.0,1,31.0,2013.0,1
387,2,0,210.0,12.0,2015.0,1,36.0,2013.0,2
388,0,0,2260.0,12.0,2015.0,0,50.0,2015.0,1
389,0,2,6690.0,8.0,2011.0,0,50.0,2015.0,1
390,0,2,1600.0,4.0,2009.0,0,50.0,2015.0,1
391,0,0,460.0,11.0,2014.0,1,31.0,2013.0,0
392,0,0,2120.0,12.0,2015.0,0,50.0,2015.0,1
393,3,2,4820.0,3.0,2008.0,0,50.0,2015.0,1
394,3,0,10850.0,12.0,2015.0,0,50.0,2015.0,1
395,0,0,3620.0,2.0,2013.0,0,50.0,2015.0,1
396,0,2,23130.0,12.0,2015.0,0,50.0,2015.0,1
397,0,2,130.0,12.0,2015.0,1,27.0,2013.0,0
398,2,2,1540.0,12.0,2015.0,1,1.0,2012.0,1
399,0,0,5360.0,9.0,2012.0,1,40.0,2011.0,1
400,0,0,70.0,11.0,2004.0,1,14.0,2011.0,1
401,0,2,9200.0,10.0,2009.0,1,14.0,2012.0,1
402,2,2,5830.0,9.0,2011.0,1,13.0,2010.0,1
403,0,0,4970.0,7.0,2015.0,0,50.0,2015.0,1
404,0,2,1420.0,12.0,2015.0,1,10.0,2013.0,2
405,0,0,1080.0,4.0,2008.0,1,14.0,2011.0,1
406,3,2,8240.0,3.0,2001.0,1,10.0,2013.0,0
407,0,0,5890.0,10.0,2003.0,1,14.0,2011.0,0
408,2,0,1560.0,12.0,2015.0,1,45.0,2009.0,0
409,3,2,840.0,12.0,2015.0,1,1.0,2013.0,1
410,2,0,40.0,11.0,2011.0,1,22.0,2012.0,2
411,3,2,8460.0,12.0,2015.0,0,50.0,2015.0,1
412,3,2,4460.0,12.0,2015.0,1,39.0,2010.0,1
413,0,2,760.0,9.0,2014.0,0,50.0,2015.0,1
414,3,2,6210.0,12.0,2015.0,1,1.0,2013.0,1
415,3,2,6910.0,4.0,2005.0,0,50.0,2015.0,1
416,0,2,4650.0,6.0,2014.0,0,50.0,2015.0,1
417,0,2,840.0,12.0,2015.0,1,10.0,2014.0,1
418,0,0,1060.0,5.0,2009.0,1,27.0,2011.0,0
419,2,0,1620.0,9.0,2009.0,0,50.0,2015.0,1
420,3,2,250.0,12.0,2015.0,1,27.0,2012.0,1
421,2,2,3530.0,6.0,2012.0,1,35.0,2012.0,2
422,0,2,2880.0,12.0,2015.0,0,50.0,2015.0,1
423,1,0,1270.0,5.0,2014.0,0,50.0,2015.0,1
424,3,2,1250.0,12.0,2015.0,1,40.0,2011.0,1
425,3,2,1460.0,12.0,2015.0,0,50.0,2015.0,1
426,0,0,250.0,12.0,2015.0,0,50.0,2015.0,1
427,0,2,70.0,7.0,2005.0,1,13.0,2010.0,1
428,3,0,2960.0,12.0,2014.0,1,23.0,2015.0,2
429,3,2,16350.0,7.0,2005.0,1,31.0,2013.0,1
430,3,2,12870.0,10.0,2008.0,0,50.0,2015.0,1
431,3,2,4520.0,12.0,2015.0,0,50.0,2015.0,1
432,0,0,810.0,5.0,2013.0,0,50.0,2015.0,1
433,0,2,30030.0,11.0,2010.0,0,50.0,2015.0,1
434,0,0,13020.0,8.0,2003.0,1,40.0,2014.0,1
435,0,0,910.0,12.0,2015.0,0,50.0,2015.0,1
436,3,0,2300.0,12.0,2015.0,0,50.0,2015.0,1
437,2,2,430.0,12.0,2015.0,1,50.0,2010.0,1
438,3,2,1110.0,12.0,2015.0,1,40.0,2012.0,1
439,0,0,1350.0,9.0,2009.0,0,50.0,2015.0,1
440,3,0,3900.0,4.0,2005.0,1,45.0,2009.0,0
441,3,0,2530.0,12.0,2015.0,0,50.0,2015.0,1
442,2,0,500.0,12.0,2015.0,1,45.0,2009.0,0
443,3,0,11400.0,12.0,2005.0,0,50.0,2015.0,1
444,2,0,1700.0,11.0,2009.0,0,50.0,2015.0,1
445,0,0,240.0,12.0,2015.0,0,50.0,2015.0,1
446,0,0,340.0,10.0,2000.0,1,31.0,2013.0,0
447,0,2,1510.0,9.0,2013.0,0,50.0,2015.0,1
448,0,2,3970.0,9.0,2009.0,0,50.0,2015.0,1
449,0,2,120.0,12.0,2014.0,1,37.0,2009.0,1
450,2,0,5780.0,11.0,1994.0,1,10.0,2014.0,2
451,0,0,2460.0,4.0,2009.0,1,13.0,2010.0,1
452,0,2,1850.0,8.0,2013.0,1,5.0,2011.0,0
453,0,2,75860.0,12.0,2015.0,0,50.0,2015.0,1
454,0,0,26450.0,12.0,2015.0,0,50.0,2015.0,1
455,3,2,7660.0,9.0,2010.0,0,50.0,2015.0,1
456,0,2,140.0,12.0,2015.0,0,50.0,2015.0,1
457,3,2,13140.0,12.0,2015.0,1,31.0,2013.0,1
458,2,0,3390.0,12.0,2015.0,0,50.0,2015.0,1
459,0,0,250.0,9.0,2008.0,1,5.0,2013.0,0
460,0,0,34050.0,4.0,2008.0,0,50.0,2015.0,1
461,3,2,1790.0,7.0,2013.0,1,40.0,2013.0,1
462,0,0,44320.0,8.0,2008.0,0,50.0,2015.0,1
463,0,0,4160.0,12.0,2015.0,0,50.0,2015.0,1
464,2,0,520.0,3.0,2009.0,0,50.0,2015.0,1
465,3,2,10890.0,4.0,2005.0,0,50.0,2015.0,1
466,0,2,3110.0,3.0,2003.0,0,50.0,2015.0,1
467,0,2,20390.0,4.0,2008.0,0,50.0,2015.0,1
468,2,2,5260.0,9.0,2012.0,0,50.0,2015.0,1
469,2,2,710.0,9.0,2005.0,0,50.0,2015.0,1
470,0,2,50.0,12.0,2015.0,0,50.0,2015.0,1
471,3,0,5300.0,12.0,2015.0,1,45.0,2009.0,0
472,2,2,5030.0,8.0,2011.0,0,50.0,2015.0,1
473,0,0,50.0,12.0,2015.0,0,50.0,2015.0,1
474,2,0,14810.0,12.0,2015.0,1,14.0,2011.0,2
475,0,0,140.0,9.0,2005.0,0,50.0,2015.0,1
476,3,0,8300.0,9.0,2006.0,0,50.0,2015.0,1
477,3,0,770.0,7.0,2010.0,1,35.0,2010.0,1
478,3,2,1940.0,3.0,2012.0,0,50.0,2015.0,1
479,0,0,320.0,12.0,2005.0,1,9.0,2011.0,0
480,0,0,300.0,11.0,2012.0,0,50.0,2015.0,1
481,2,2,7470.0,12.0,2015.0,1,44.0,2012.0,0
482,2,0,2550.0,10.0,2005.0,0,50.0,2015.0,1
483,0,2,2310.0,9.0,2011.0,1,13.0,2010.0,1
484,0,2,14300.0,3.0,2011.0,0,50.0,2015.0,1
485,3,2,3270.0,12.0,2015.0,1,22.0,2012.0,1
486,0,0,2320.0,12.0,2015.0,1,31.0,2013.0,1
487,3,2,2180.0,9.0,2012.0,1,40.0,2012.0,1
488,0,2,2890.0,4.0,2014.0,0,50.0,2015.0,1
489,0,0,14960.0,11.0,2013.0,1,37.0,2009.0,1
490,0,0,660.0,4.0,2013.0,1,40.0,2014.0,1
491,3,2,4680.0,12.0,2015.0,1,22.0,2012.0,2
492,0,0,1740.0,3.0,2008.0,1,40.0,2012.0,1
493,3,2,1150.0,12.0,2015.0,1,14.0,2011.0,1
494,1,0,1260.0,6.0,2011.0,0,50.0,2015.0,1
495,3,0,5470.0,12.0,2015.0,1,37.0,2009.0,1
496,3,2,2780.0,6.0,2015.0,0,50.0,2015.0,1
497,0,2,1610.0,12.0,2015.0,0,50.0,2015.0,1
498,0,0,990.0,12.0,2015.0,1,40.0,2014.0,1
499,2,2,450.0,12.0,2015.0,1,5.0,2013.0,0
500,3,2,10690.0,9.0,2007.0,1,5.0,2013.0,1
501,0,2,1620.0,9.0,2006.0,0,50.0,2015.0,1
502,0,0,220.0,2.0,2002.0,1,37.0,2009.0,1
503,3,2,13080.0,9.0,2006.0,1,14.0,2011.0,1
504,2,2,820.0,12.0,2015.0,0,50.0,2015.0,1
505,0,0,350.0,12.0,2015.0,1,5.0,2013.0,0
506,0,0,1850.0,12.0,2014.0,1,18.0,2011.0,0
507,0,2,9070.0,4.0,2011.0,1,37.0,2009.0,1
508,0,2,1280.0,12.0,2015.0,1,40.0,2011.0,1
509,0,0,4740.0,7.0,2008.0,1,37.0,2009.0,1
510,0,2,8260.0,12.0,2015.0,0,50.0,2015.0,1
511,0,0,2060.0,9.0,2009.0,0,50.0,2015.0,1
512,1,1,590.0,12.0,2015.0,1,5.0,2013.0,2
513,0,0,400.0,8.0,2013.0,0,50.0,2015.0,1
514,2,2,1200.0,7.0,2012.0,1,27.0,2012.0,1
515,3,2,11260.0,12.0,2015.0,1,9.0,2011.0,0
516,0,2,20.0,12.0,2015.0,1,35.0,2010.0,2
517,0,2,22490.0,12.0,2015.0,0,50.0,2015.0,1
518,3,2,3330.0,3.0,2015.0,1,13.0,2010.0,1
519,2,2,2510.0,8.0,2009.0,1,1.0,2012.0,1
520,0,2,6900.0,12.0,2015.0,1,40.0,2012.0,2
521,3,0,18610.0,11.0,2002.0,1,48.0,2011.0,2
522,3,2,7160.0,11.0,2012.0,1,9.0,2011.0,1
523,2,2,50.0,11.0,2013.0,0,50.0,2015.0,1
524,0,2,40860.0,9.0,2013.0,0,50.0,2015.0,1
525,3,2,1870.0,9.0,2013.0,0,50.0,2015.0,1
526,0,0,120.0,12.0,2015.0,1,48.0,2011.0,2
527,3,2,5830.0,4.0,2008.0,0,50.0,2015.0,1
528,0,2,20620.0,12.0,2015.0,1,37.0,2009.0,1
529,3,2,12920.0,9.0,2012.0,0,50.0,2015.0,1
530,0,2,18160.0,12.0,2015.0,0,50.0,2015.0,1
531,0,2,4030.0,12.0,2015.0,0,50.0,2015.0,1
532,0,2,1070.0,8.0,2010.0,0,50.0,2015.0,1
533,0,2,5950.0,12.0,2015.0,0,50.0,2015.0,1
534,3,0,1200.0,9.0,2009.0,1,45.0,2009.0,1
535,0,0,3570.0,4.0,2007.0,0,50.0,2015.0,1
536,0,2,4700.0,9.0,2002.0,1,31.0,2013.0,0
537,0,0,600.0,5.0,2002.0,1,1.0,2012.0,1
538,0,0,990.0,2.0,2010.0,0,50.0,2015.0,1
539,0,0,770.0,5.0,2013.0,1,40.0,2014.0,1
540,3,2,810.0,12.0,2015.0,1,48.0,2012.0,1
541,0,2,650.0,7.0,1990.0,0,50.0,2015.0,1
542,0,0,7280.0,9.0,2012.0,1,1.0,2013.0,1
543,2,0,1080.0,12.0,2012.0,0,50.0,2015.0,1
544,0,0,250.0,12.0,2001.0,1,13.0,2010.0,1
545,0,2,5020.0,5.0,2006.0,1,18.0,2014.0,0
546,0,0,580.0,1.0,2005.0,0,50.0,2015.0,1
547,3,2,8990.0,11.0,2009.0,1,35.0,2010.0,2
548,3,2,3760.0,2.0,2009.0,0,50.0,2015.0,1
549,0,2,2330.0,12.0,2015.0,0,50.0,2015.0,1
550,3,2,50.0,6.0,2015.0,0,50.0,2015.0,1
551,0,2,2190.0,9.0,2013.0,0,50.0,2015.0,1
552,0,0,4260.0,7.0,2008.0,1,37.0,2009.0,1
553,2,0,3040.0,9.0,2002.0,1,13.0,2010.0,1
554,2,2,1200.0,12.0,2015.0,0,50.0,2015.0,1
555,3,0,1560.0,1.0,2014.0,1,10.0,2013.0,2
556,3,2,1140.0,11.0,2014.0,0,50.0,2015.0,1
557,0,0,250.0,12.0,2015.0,0,50.0,2015.0,1
558,0,0,3000.0,2.0,2010.0,0,50.0,2015.0,1
559,3,0,3910.0,11.0,2006.0,1,5.0,2013.0,0
560,2,2,1910.0,7.0,2013.0,0,50.0,2015.0,1
561,3,0,14300.0,12.0,2015.0,0,50.0,2015.0,1
562,1,2,1210.0,12.0,2015.0,0,50.0,2015.0,1
563,0,0,700.0,3.0,2015.0,1,10.0,2014.0,1
564,3,2,6540.0,12.0,2015.0,1,14.0,2013.0,1
565,0,2,160.0,7.0,2007.0,0,50.0,2015.0,1
566,0,0,3620.0,12.0,2015.0,1,40.0,2013.0,1
567,2,0,1010.0,9.0,2012.0,1,18.0,2011.0,0
568,3,2,4270.0,12.0,2015.0,1,1.0,2013.0,1
569,0,0,1340.0,9.0,2006.0,0,50.0,2015.0,1
570,0,0,180.0,11.0,2006.0,0,50.0,2015.0,1
571,3,0,2110.0,11.0,1995.0,1,40.0,2014.0,1
572,3,2,9230.0,4.0,2004.0,1,37.0,2009.0,1
573,0,0,1190.0,11.0,2012.0,1,36.0,2013.0,1
574,3,0,4400.0,12.0,2015.0,0,50.0,2015.0,1
575,0,0,960.0,5.0,2008.0,1,13.0,2010.0,1
576,2,0,50.0,11.0,2006.0,0,50.0,2015.0,1
577,0,2,2270.0,12.0,2015.0,1,35.0,2012.0,2
578,3,0,12700.0,4.0,2013.0,0,50.0,2015.0,1
579,2,0,20970.0,11.0,2012.0,0,50.0,2015.0,1
580,0,2,170.0,2.0,2009.0,0,50.0,2015.0,1
581,0,0,7250.0,12.0,2013.0,0,50.0,2015.0,1
582,0,0,120.0,12.0,2015.0,0,50.0,2015.0,1
583,0,0,2640.0,11.0,2002.0,0,50.0,2015.0,1
584,3,0,1360.0,12.0,2015.0,1,35.0,2010.0,2
585,3,2,440.0,4.0,2014.0,0,50.0,2015.0,1
586,0,2,250.0,10.0,2008.0,0,50.0,2015.0,1
587,3,2,330.0,9.0,2006.0,1,14.0,2011.0,1
588,3,2,15720.0,3.0,2010.0,0,50.0,2015.0,1
589,0,2,360.0,12.0,2015.0,1,18.0,2013.0,0
590,3,2,4520.0,9.0,2010.0,1,31.0,2013.0,1
591,0,2,3340.0,12.0,2015.0,1,22.0,2012.0,2
592,0,0,2540.0,6.0,2005.0,0,50.0,2015.0,1
593,0,2,33060.0,3.0,2010.0,0,50.0,2015.0,1
594,0,0,1790.0,10.0,2011.0,0,50.0,2015.0,1
595,2,2,1130.0,6.0,2015.0,0,50.0,2015.0,1
596,2,0,290.0,9.0,2006.0,0,50.0,2015.0,1
597,0,0,150.0,9.0,2008.0,1,1.0,2012.0,2
598,2,0,550.0,12.0,2013.0,1,40.0,2014.0,1
599,3,2,580.0,11.0,2014.0,0,50.0,2015.0,1
600,3,2,17340.0,6.0,2010.0,1,9.0,2011.0,0
601,3,0,8220.0,4.0,2014.0,1,14.0,2011.0,1
602,0,0,2710.0,7.0,2001.0,1,22.0,2012.0,2
603,0,0,340.0,4.0,2007.0,1,13.0,2010.0,1
604,3,0,10950.0,3.0,2014.0,0,50.0,2015.0,1
605,3,0,10310.0,4.0,2003.0,1,37.0,2009.0,1
606,0,0,2260.0,11.0,2007.0,0,50.0,2015.0,1
607,0,0,350.0,8.0,1999.0,1,14.0,2011.0,1
608,0,2,18370.0,2.0,2013.0,1,14.0,2011.0,1
609,0,0,2070.0,9.0,2007.0,0,50.0,2015.0,1
610,0,0,660.0,1.0,2007.0,0,50.0,2015.0,1
611,0,0,8080.0,12.0,2002.0,1,40.0,2014.0,1
612,3,2,2490.0,11.0,2012.0,1,31.0,2009.0,1
613,2,0,250.0,6.0,2007.0,1,14.0,2011.0,1
614,0,0,1160.0,12.0,2012.0,0,50.0,2015.0,1
615,3,0,730.0,8.0,2007.0,0,50.0,2015.0,1
616,0,2,3040.0,8.0,2011.0,1,35.0,2010.0,2
617,0,2,8940.0,12.0,2015.0,1,9.0,2011.0,1
618,3,2,9910.0,12.0,2015.0,0,50.0,2015.0,1
619,0,0,1600.0,6.0,2006.0,1,45.0,2009.0,0
620,3,2,5440.0,12.0,2015.0,1,40.0,2014.0,1
621,0,0,30.0,7.0,2002.0,0,50.0,2015.0,1
622,0,2,75860.0,12.0,2015.0,0,50.0,2015.0,1
623,0,0,4080.0,3.0,2011.0,1,13.0,2010.0,1
624,0,2,6920.0,9.0,2011.0,0,50.0,2015.0,1
625,0,0,1170.0,4.0,2011.0,1,22.0,2012.0,0
626,2,2,10740.0,11.0,2013.0,0,50.0,2015.0,1
627,2,2,3970.0,3.0,2010.0,0,50.0,2015.0,1
628,0,2,2180.0,12.0,2015.0,0,50.0,2015.0,1
629,3,0,510.0,7.0,2014.0,1,23.0,2015.0,2
630,0,0,1690.0,4.0,2015.0,0,50.0,2015.0,1
631,3,2,2870.0,12.0,2015.0,1,35.0,2012.0,2
632,0,0,3350.0,2.0,2010.0,0,50.0,2015.0,1
633,3,0,11640.0,4.0,2005.0,1,22.0,2011.0,1
634,3,0,18610.0,12.0,2015.0,0,50.0,2015.0,1
635,0,0,27530.0,4.0,2014.0,0,50.0,2015.0,1
636,2,0,720.0,10.0,2004.0,1,13.0,2010.0,1
637,3,2,9790.0,12.0,2015.0,1,31.0,2009.0,0
638,3,0,10170.0,11.0,2001.0,0,50.0,2015.0,1
639,0,0,7780.0,11.0,2006.0,0,50.0,2015.0,1
640,3,2,8040.0,12.0,2015.0,0,50.0,2015.0,1
641,0,2,610.0,12.0,2003.0,1,36.0,2013.0,2
642,2,2,530.0,4.0,2005.0,1,35.0,2010.0,2
643,0,0,230.0,6.0,2010.0,1,18.0,2010.0,0
644,2,0,4030.0,12.0,2004.0,1,14.0,2011.0,1
645,0,0,90.0,12.0,2015.0,1,45.0,2009.0,0
646,0,0,620.0,9.0,2014.0,0,50.0,2015.0,1
647,0,2,7420.0,4.0,2013.0,0,50.0,2015.0,1
648,3,0,2130.0,12.0,2008.0,0,50.0,2015.0,1
649,0,0,14570.0,11.0,2002.0,0,50.0,2015.0,1
650,0,0,1420.0,10.0,2012.0,1,40.0,2014.0,1
651,0,0,200.0,12.0,2015.0,0,50.0,2015.0,1
652,0,0,20390.0,12.0,2015.0,0,50.0,2015.0,1
653,3,2,7520.0,7.0,2014.0,1,45.0,2009.0,0
654,2,0,6930.0,9.0,2006.0,0,50.0,2015.0,1
655,3,2,960.0,11.0,2012.0,1,5.0,2013.0,0
656,3,0,410.0,4.0,2009.0,1,13.0,2010.0,1
657,2,2,80.0,1.0,2006.0,1,10.0,2014.0,1
658,3,2,520.0,12.0,2015.0,1,37.0,2009.0,1
659,3,0,1590.0,3.0,2012.0,0,50.0,2015.0,1
660,0,0,1200.0,11.0,2006.0,1,40.0,2014.0,1
661,3,2,2140.0,7.0,2013.0,0,50.0,2015.0,1
662,3,0,1070.0,12.0,2015.0,0,50.0,2015.0,1
663,0,2,7860.0,5.0,2005.0,0,50.0,2015.0,1
664,3,2,1680.0,10.0,2005.0,0,50.0,2015.0,1
665,0,0,90.0,12.0,2012.0,1,14.0,2011.0,1
666,2,2,2700.0,12.0,2015.0,1,9.0,2011.0,2
667,3,2,2870.0,9.0,2012.0,0,50.0,2015.0,1
668,2,0,1270.0,9.0,2010.0,0,50.0,2015.0,1
669,3,0,17080.0,7.0,2012.0,1,31.0,2013.0,1
670,0,0,2060.0,12.0,2015.0,1,45.0,2009.0,0
671,0,2,2070.0,2.0,2008.0,1,39.0,2010.0,1
672,2,0,240.0,9.0,2002.0,0,50.0,2015.0,1
673,3,2,15170.0,12.0,2015.0,1,5.0,2013.0,0
674,0,0,2640.0,12.0,2005.0,1,31.0,2013.0,0
675,0,0,2100.0,8.0,2013.0,1,14.0,2011.0,1
676,1,1,1410.0,9.0,2008.0,0,50.0,2015.0,1
677,3,0,1740.0,6.0,2014.0,1,45.0,2009.0,0
678,2,0,3250.0,12.0,2015.0,1,40.0,2011.0,1
679,0,0,4140.0,9.0,2012.0,0,50.0,2015.0,1
680,2,0,170.0,12.0,2015.0,1,35.0,2012.0,2
681,0,2,620.0,12.0,2015.0,1,1.0,2014.0,2
682,1,0,150.0,9.0,2006.0,0,50.0,2015.0,1
683,0,0,2850.0,7.0,2014.0,0,50.0,2015.0,1
684,3,2,680.0,12.0,2015.0,1,22.0,2012.0,1
685,0,0,650.0,11.0,2013.0,1,37.0,2009.0,1
686,0,0,20050.0,4.0,2002.0,0,50.0,2015.0,1
687,3,2,2770.0,12.0,2015.0,0,50.0,2015.0,1
688,0,0,18760.0,8.0,2015.0,1,14.0,2011.0,1
689,3,0,15040.0,10.0,2004.0,0,50.0,2015.0,1
690,0,0,100.0,12.0,2015.0,0,50.0,2015.0,1
691,3,2,3030.0,12.0,2015.0,1,37.0,2009.0,1
692,0,0,40.0,8.0,2001.0,0,50.0,2015.0,1
693,3,0,450.0,12.0,2015.0,1,40.0,2011.0,1
694,0,2,460.0,11.0,2012.0,1,40.0,2014.0,1
695,0,0,550.0,7.0,2011.0,1,1.0,2012.0,1
696,0,2,430.0,12.0,2015.0,0,50.0,2015.0,1
697,3,0,3780.0,12.0,2015.0,1,40.0,2011.0,1
698,0,0,1790.0,5.0,2011.0,0,50.0,2015.0,1
699,0,0,180.0,12.0,2015.0,1,5.0,2013.0,1
700,0,2,830.0,12.0,2015.0,1,27.0,2013.0,1
701,3,0,1450.0,3.0,2012.0,1,14.0,2011.0,1
702,0,0,8550.0,9.0,2001.0,1,45.0,2009.0,0
703,0,0,80.0,6.0,2005.0,0,50.0,2015.0,1
704,3,2,1910.0,4.0,2009.0,0,50.0,2015.0,1
705,0,0,4140.0,9.0,2012.0,1,18.0,2011.0,0
706,3,0,7830.0,9.0,2014.0,1,10.0,2014.0,2
707,0,2,2900.0,7.0,1990.0,0,50.0,2015.0,1
708,2,2,11470.0,10.0,2009.0,1,18.0,2014.0,1
709,0,0,500.0,12.0,2010.0,0,50.0,2015.0,1
710,3,0,1500.0,9.0,2008.0,1,14.0,2011.0,1
711,3,0,17110.0,3.0,2007.0,1,5.0,2010.0,1
712,0,0,4870.0,9.0,2007.0,1,45.0,2009.0,1
713,0,2,220.0,12.0,2015.0,1,10.0,2014.0,1
714,3,2,12070.0,10.0,2005.0,1,10.0,2013.0,1
715,0,0,14810.0,6.0,2014.0,0,50.0,2015.0,1
716,3,0,3200.0,1.0,2008.0,1,22.0,2011.0,1
717,3,2,310.0,12.0,2015.0,1,40.0,2011.0,1
718,0,0,1100.0,6.0,2015.0,0,50.0,2015.0,1
719,2,2,8190.0,12.0,2015.0,1,45.0,2009.0,0
720,0,2,15320.0,3.0,2011.0,1,14.0,2013.0,0
721,0,2,3590.0,9.0,2012.0,1,22.0,2012.0,2
722,0,0,50.0,12.0,2015.0,0,50.0,2015.0,1
723,3,2,5650.0,9.0,2008.0,1,5.0,2013.0,0
724,3,2,5900.0,12.0,2015.0,0,50.0,2015.0,1
725,3,2,17540.0,6.0,2012.0,0,50.0,2015.0,1
726,0,2,40540.0,2.0,2002.0,0,50.0,2015.0,1
727,0,0,2050.0,3.0,2007.0,0,50.0,2015.0,1
728,3,0,13990.0,12.0,2015.0,1,14.0,2011.0,1
729,2,2,8980.0,6.0,2011.0,0,50.0,2015.0,1
730,2,0,1190.0,9.0,2013.0,0,50.0,2015.0,1
731,0,0,15270.0,12.0,2015.0,1,10.0,2014.0,1
732,0,2,35280.0,12.0,2015.0,0,50.0,2015.0,1
733,1,1,860.0,10.0,1999.0,0,50.0,2015.0,1
734,0,0,220.0,12.0,2015.0,1,36.0,2013.0,2
735,3,2,1920.0,4.0,2005.0,0,50.0,2015.0,1
736,2,2,1650.0,12.0,2015.0,1,14.0,2011.0,1
737,0,0,100.0,5.0,2007.0,1,31.0,2013.0,1
738,3,2,5980.0,10.0,2005.0,0,50.0,2015.0,1
739,3,2,2770.0,6.0,2008.0,1,22.0,2011.0,1
740,3,0,6400.0,3.0,2014.0,0,50.0,2015.0,1
741,3,2,11900.0,12.0,2015.0,0,50.0,2015.0,1
742,3,2,4380.0,12.0,2015.0,0,50.0,2015.0,1
743,0,0,6710.0,11.0,2003.0,1,14.0,2012.0,1
744,0,0,1370.0,12.0,2011.0,1,40.0,2014.0,1
745,0,0,17650.0,11.0,2013.0,1,37.0,2009.0,1
746,3,2,4330.0,2.0,2011.0,1,35.0,2011.0,2
747,2,2,45740.0,8.0,2008.0,0,50.0,2015.0,1
748,3,0,2380.0,3.0,2010.0,1,14.0,2011.0,1
749,0,0,3410.0,8.0,2011.0,1,14.0,2015.0,1
750,3,0,8670.0,2.0,2002.0,1,14.0,2011.0,1
751,0,0,650.0,10.0,2006.0,0,50.0,2015.0,1
752,0,0,970.0,3.0,2013.0,1,31.0,2013.0,0
753,3,2,540.0,11.0,2012.0,1,35.0,2010.0,2
754,2,2,380.0,5.0,2008.0,1,10.0,2014.0,2
755,3,2,13130.0,12.0,2003.0,0,50.0,2015.0,1
756,0,2,50.0,12.0,2015.0,1,40.0,2011.0,1
757,0,2,3450.0,12.0,2015.0,0,50.0,2015.0,1
758,0,2,19780.0,6.0,2008.0,0,50.0,2015.0,1
759,0,0,110.0,11.0,2012.0,1,31.0,2013.0,0
760,0,0,560.0,1.0,2011.0,0,50.0,2015.0,1
761,0,0,2390.0,9.0,2012.0,0,50.0,2015.0,1
762,3,2,1280.0,12.0,2015.0,1,10.0,2013.0,2
763,3,2,32240.0,3.0,2010.0,0,50.0,2015.0,1
764,0,2,26490.0,12.0,2015.0,1,10.0,2014.0,2
765,0,2,25430.0,5.0,1999.0,1,37.0,2009.0,1
766,3,2,9820.0,12.0,2015.0,0,50.0,2015.0,1
767,0,2,13080.0,12.0,2015.0,0,50.0,2015.0,1
768,0,2,2630.0,9.0,2012.0,0,50.0,2015.0,1
769,1,1,840.0,12.0,2015.0,1,48.0,2012.0,1
770,0,2,100.0,4.0,2015.0,0,50.0,2015.0,1
771,0,0,20640.0,9.0,2007.0,0,50.0,2015.0,1
772,3,2,1850.0,12.0,2015.0,0,50.0,2015.0,1
773,0,0,200.0,12.0,2015.0,0,50.0,2015.0,1
774,0,2,640.0,9.0,2013.0,0,50.0,2015.0,1
775,3,2,6970.0,12.0,2005.0,1,22.0,2011.0,1
776,2,0,700.0,4.0,2009.0,1,14.0,2011.0,1
777,3,2,8250.0,10.0,2004.0,1,10.0,2013.0,2
778,0,0,340.0,6.0,2003.0,1,40.0,2014.0,1
779,0,0,16990.0,4.0,2004.0,0,50.0,2015.0,1
780,0,0,18160.0,12.0,2015.0,0,50.0,2015.0,1
781,0,0,630.0,4.0,2007.0,0,50.0,2015.0,1
782,2,2,5390.0,8.0,2003.0,1,1.0,2012.0,1
783,3,2,15490.0,12.0,2015.0,0,50.0,2015.0,1
784,0,0,560.0,10.0,2014.0,1,10.0,2014.0,1
785,3,2,970.0,7.0,2005.0,1,31.0,2013.0,0
786,0,0,290.0,11.0,2006.0,1,5.0,2013.0,0
787,2,2,3210.0,6.0,2009.0,0,50.0,2015.0,1
788,0,2,1530.0,3.0,2013.0,0,50.0,2015.0,1
789,0,2,9770.0,7.0,2003.0,0,50.0,2015.0,1
790,3,2,9070.0,12.0,2003.0,0,50.0,2015.0,1
791,0,0,5950.0,4.0,2007.0,0,50.0,2015.0,1
792,3,0,17280.0,10.0,2009.0,1,18.0,2011.0,0
793,3,0,2710.0,7.0,2006.0,0,50.0,2015.0,1
794,2,2,5090.0,9.0,2006.0,0,50.0,2015.0,1
795,3,0,510.0,12.0,2015.0,1,35.0,2010.0,2
796,0,2,7180.0,11.0,2012.0,0,50.0,2015.0,1
797,0,0,2090.0,10.0,2012.0,1,40.0,2014.0,1
798,0,0,9560.0,4.0,2001.0,0,50.0,2015.0,1
799,0,2,2700.0,12.0,2015.0,0,50.0,2015.0,1
800,3,0,2020.0,7.0,2014.0,0,50.0,2015.0,1
801,3,0,48330.0,4.0,2013.0,0,50.0,2015.0,1
802,0,2,910.0,12.0,2015.0,1,22.0,2011.0,0
803,3,0,1760.0,12.0,2015.0,1,10.0,2014.0,2
804,2,2,2100.0,12.0,2015.0,1,1.0,2013.0,1
805,3,0,24770.0,10.0,2011.0,1,10.0,2014.0,2
806,3,0,260.0,12.0,2015.0,1,44.0,2010.0,0
807,0,0,3870.0,4.0,2008.0,0,50.0,2015.0,1
808,0,0,18620.0,12.0,2015.0,1,31.0,2009.0,0
809,0,0,12770.0,10.0,2000.0,0,50.0,2015.0,1
810,3,2,9640.0,11.0,2013.0,0,50.0,2015.0,1
811,0,0,410.0,9.0,2012.0,0,50.0,2015.0,1
812,3,0,2590.0,9.0,2012.0,0,50.0,2015.0,1
813,0,0,1560.0,9.0,2003.0,0,50.0,2015.0,1
814,3,2,24530.0,7.0,2013.0,0,50.0,2015.0,1
815,0,0,590.0,1.0,1900.0,1,40.0,2014.0,1
816,2,2,460.0,12.0,2015.0,0,50.0,2015.0,1
817,0,0,140.0,3.0,2006.0,0,50.0,2015.0,1
818,3,0,490.0,12.0,2015.0,1,35.0,2010.0,2
819,0,2,720.0,10.0,2014.0,0,50.0,2015.0,1
820,0,2,1650.0,12.0,2015.0,1,40.0,2014.0,1
821,0,0,1700.0,9.0,2009.0,0,50.0,2015.0,1
822,0,2,410.0,11.0,2010.0,1,48.0,2010.0,2
823,0,2,16210.0,11.0,2010.0,0,50.0,2015.0,1
824,0,0,17570.0,12.0,2015.0,0,50.0,2015.0,1
825,0,0,380.0,5.0,2011.0,1,40.0,2014.0,1
826,0,2,7980.0,6.0,2005.0,0,50.0,2015.0,1
827,0,2,250.0,1.0,2005.0,0,50.0,2015.0,1
828,3,2,3290.0,12.0,2014.0,0,50.0,2015.0,1
829,2,0,110.0,12.0,2015.0,0,50.0,2015.0,1
830,0,2,6320.0,12.0,2015.0,1,5.0,2011.0,1
831,0,0,800.0,6.0,2007.0,0,50.0,2015.0,1
832,3,0,5070.0,12.0,2015.0,1,45.0,2009.0,0
833,3,2,3290.0,12.0,1999.0,1,35.0,2010.0,2
834,0,0,3470.0,3.0,2012.0,0,50.0,2015.0,1
835,0,0,2890.0,12.0,2007.0,1,10.0,2014.0,2
836,0,0,2720.0,9.0,2012.0,0,50.0,2015.0,1
837,0,2,14600.0,4.0,2015.0,0,50.0,2015.0,1
838,3,2,6890.0,12.0,2015.0,1,48.0,2011.0,2
839,2,0,240.0,1.0,2015.0,0,50.0,2015.0,1
840,0,0,1070.0,9.0,2009.0,0,50.0,2015.0,1
841,0,0,27650.0,8.0,2004.0,0,50.0,2015.0,1
842,3,2,1200.0,11.0,2007.0,0,50.0,2015.0,1
843,2,0,60.0,4.0,2006.0,0,50.0,2015.0,1
844,0,0,2030.0,9.0,2012.0,1,18.0,2011.0,0
845,3,0,7860.0,11.0,2005.0,1,14.0,2011.0,1
846,0,2,8860.0,4.0,2004.0,1,37.0,2009.0,1
847,2,2,190.0,12.0,2015.0,1,31.0,2013.0,0
848,0,2,370.0,7.0,2007.0,1,14.0,2011.0,1
849,2,2,5000.0,12.0,2015.0,0,50.0,2015.0,1
850,3,0,1120.0,5.0,2007.0,1,31.0,2013.0,1
851,3,2,2330.0,12.0,2015.0,1,49.0,2014.0,2
852,2,0,940.0,4.0,2004.0,1,14.0,2011.0,1
853,0,0,14040.0,12.0,2015.0,0,50.0,2015.0,1
854,2,0,4770.0,12.0,2015.0,1,13.0,2010.0,1
855,0,0,3440.0,12.0,2015.0,1,45.0,2009.0,0
856,0,0,3020.0,2.0,2010.0,0,50.0,2015.0,1
857,2,0,6270.0,8.0,2005.0,1,23.0,2014.0,2
858,0,0,3370.0,12.0,2008.0,1,40.0,2014.0,1
859,2,0,21770.0,7.0,2015.0,0,50.0,2015.0,1
860,2,2,5980.0,2.0,2010.0,0,50.0,2015.0,1
861,2,2,740.0,12.0,2015.0,1,14.0,2013.0,2
862,0,2,2840.0,3.0,2010.0,1,14.0,2011.0,1
863,0,2,21370.0,11.0,2010.0,0,50.0,2015.0,1
864,0,0,1020.0,10.0,2012.0,1,45.0,2009.0,0
865,3,2,2640.0,12.0,2015.0,0,50.0,2015.0,1
866,3,0,9680.0,12.0,2015.0,1,5.0,2013.0,0
867,3,2,21810.0,9.0,2012.0,0,50.0,2015.0,1
868,3,2,1360.0,8.0,2005.0,1,10.0,2014.0,1
869,2,0,230.0,10.0,2001.0,1,14.0,2011.0,1
870,0,0,780.0,4.0,2009.0,0,50.0,2015.0,1
871,3,2,10620.0,12.0,2015.0,0,50.0,2015.0,1
872,0,2,3860.0,9.0,2014.0,1,23.0,2015.0,2
873,0,0,2040.0,11.0,2008.0,0,50.0,2015.0,1
874,0,0,3210.0,12.0,2015.0,0,50.0,2015.0,1
875,3,0,5070.0,11.0,2007.0,1,18.0,2015.0,0
876,0,0,21790.0,4.0,2005.0,1,18.0,2015.0,0
877,0,2,29190.0,12.0,2015.0,0,50.0,2015.0,1
878,3,2,1100.0,12.0,2014.0,0,50.0,2015.0,1
879,3,0,75860.0,12.0,2015.0,1,5.0,2013.0,0
880,0,2,4570.0,12.0,2015.0,0,50.0,2015.0,1
881,0,0,180.0,3.0,2008.0,1,31.0,2013.0,0
882,0,0,30.0,4.0,2013.0,0,50.0,2015.0,1
883,0,0,3200.0,6.0,2005.0,0,50.0,2015.0,1
884,3,2,7550.0,12.0,2015.0,0,50.0,2015.0,1
885,0,0,480.0,12.0,2005.0,0,50.0,2015.0,1
886,0,2,12430.0,10.0,2004.0,0,50.0,2015.0,1
887,3,0,19700.0,12.0,2015.0,1,37.0,2009.0,1
888,3,0,4450.0,6.0,2012.0,1,35.0,2012.0,2
889,3,0,18670.0,12.0,2005.0,0,50.0,2015.0,1
890,0,0,4450.0,12.0,2015.0,1,14.0,2011.0,1
891,0,2,350.0,12.0,2015.0,1,31.0,2013.0,0
892,0,0,19370.0,4.0,2002.0,0,50.0,2015.0,1
893,0,0,130.0,12.0,2015.0,1,1.0,2013.0,1
894,0,0,190.0,11.0,2012.0,0,50.0,2015.0,1
895,0,2,4150.0,12.0,2015.0,0,50.0,2015.0,1
896,0,2,170.0,9.0,2012.0,0,50.0,2015.0,1
897,2,2,3290.0,1.0,2007.0,1,5.0,2013.0,0
898,0,0,18540.0,12.0,2015.0,0,50.0,2015.0,1
899,3,0,2590.0,12.0,2015.0,1,13.0,2010.0,1
900,0,0,3920.0,4.0,2005.0,1,40.0,2014.0,1
901,0,2,3170.0,4.0,2014.0,0,50.0,2015.0,1
902,0,0,310.0,5.0,2015.0,1,40.0,2014.0,1
903,3,2,7290.0,9.0,2014.0,0,50.0,2015.0,1
904,3,2,570.0,7.0,2013.0,1,14.0,2011.0,1
905,0,0,90.0,6.0,2014.0,0,50.0,2015.0,1
906,0,0,90.0,7.0,2010.0,0,50.0,2015.0,1
907,0,2,250.0,12.0,2015.0,0,50.0,2015.0,1
908,0,0,1980.0,7.0,2010.0,1,37.0,2009.0,1
909,0,2,1680.0,12.0,2015.0,1,45.0,2009.0,0
910,3,2,12480.0,12.0,2015.0,1,1.0,2013.0,1
911,0,2,16490.0,12.0,2015.0,0,50.0,2015.0,1
912,2,2,3100.0,5.0,2010.0,0,50.0,2015.0,1
913,0,0,280.0,12.0,2015.0,0,50.0,2015.0,1
914,2,2,2640.0,4.0,2011.0,1,22.0,2012.0,2
915,3,2,650.0,3.0,2013.0,1,40.0,2014.0,1
916,0,0,90.0,11.0,2012.0,0,50.0,2015.0,1
917,0,0,7240.0,2.0,2010.0,0,50.0,2015.0,1
918,0,2,18710.0,4.0,2015.0,0,50.0,2015.0,1
919,0,0,2620.0,12.0,2015.0,1,45.0,2009.0,0
920,0,0,850.0,2.0,2012.0,1,40.0,2014.0,1
921,0,0,840.0,9.0,2006.0,0,50.0,2015.0,1
922,3,0,2110.0,3.0,2006.0,0,50.0,2015.0,1
923,0,0,280.0,9.0,2008.0,0,50.0,2015.0,1
924,0,0,6420.0,4.0,2011.0,1,1.0,2012.0,1
925,2,0,470.0,3.0,2007.0,1,1.0,2012.0,1
926,3,2,5150.0,3.0,2011.0,1,13.0,2010.0,1
927,0,0,480.0,12.0,2015.0,0,50.0,2015.0,1
928,3,2,1090.0,12.0,2015.0,1,31.0,2013.0,0
929,0,2,4820.0,9.0,2013.0,0,50.0,2015.0,1
930,0,0,70.0,12.0,2015.0,0,50.0,2015.0,1
931,0,2,1480.0,9.0,2011.0,1,1.0,2012.0,1
932,0,0,15700.0,12.0,2015.0,1,13.0,2010.0,1
933,0,2,6270.0,2.0,2005.0,0,50.0,2015.0,1
934,0,2,5460.0,12.0,2015.0,1,14.0,2011.0,1
935,0,2,22350.0,6.0,2010.0,0,50.0,2015.0,1
936,0,0,580.0,2.0,2008.0,0,50.0,2015.0,1
937,3,0,2810.0,12.0,2015.0,1,10.0,2014.0,1
938,0,0,2820.0,9.0,2009.0,0,50.0,2015.0,1
939,3,0,1340.0,12.0,2015.0,0,50.0,2015.0,1
940,3,2,6470.0,9.0,2012.0,0,50.0,2015.0,1
941,0,0,1200.0,12.0,2011.0,1,31.0,2013.0,1
942,3,2,6860.0,12.0,2015.0,1,18.0,2011.0,1
943,3,2,18020.0,12.0,2015.0,0,50.0,2015.0,1
944,2,0,1670.0,7.0,2015.0,0,50.0,2015.0,1
945,0,2,12480.0,3.0,2011.0,0,50.0,2015.0,1
946,0,0,2220.0,12.0,2011.0,1,14.0,2015.0,1
947,0,0,460.0,3.0,2014.0,1,13.0,2010.0,1
948,1,1,1430.0,12.0,2015.0,0,50.0,2015.0,1
949,0,0,870.0,3.0,2006.0,0,50.0,2015.0,1
950,0,0,8460.0,11.0,1994.0,0,50.0,2015.0,1
951,3,2,710.0,12.0,2015.0,1,40.0,2011.0,1
952,3,2,6300.0,10.0,2013.0,0,50.0,2015.0,1
953,0,0,19830.0,4.0,2006.0,1,22.0,2011.0,2
954,0,0,390.0,2.0,2013.0,1,10.0,2014.0,1
955,3,2,1690.0,7.0,2009.0,1,36.0,2013.0,2
956,0,0,2330.0,10.0,2014.0,1,18.0,2011.0,0
957,3,2,1420.0,11.0,2012.0,0,50.0,2015.0,1
958,0,0,440.0,11.0,2013.0,0,50.0,2015.0,1
959,0,2,1060.0,12.0,2005.0,0,50.0,2015.0,1
960,3,0,8990.0,12.0,2015.0,1,31.0,2009.0,0
961,3,2,9430.0,12.0,2015.0,0,50.0,2015.0,1
962,2,0,260.0,12.0,2015.0,0,50.0,2015.0,1
963,0,2,23620.0,11.0,2013.0,0,50.0,2015.0,1
964,0,0,270.0,12.0,2015.0,1,5.0,2013.0,0
965,0,2,110.0,12.0,2015.0,0,50.0,2015.0,1
966,0,0,760.0,2.0,2008.0,0,50.0,2015.0,1
967,0,2,3560.0,9.0,2013.0,1,36.0,2013.0,1
968,2,0,1190.0,12.0,2015.0,0,50.0,2015.0,1
969,0,2,600.0,11.0,1999.0,1,10.0,2013.0,1
970,0,0,910.0,12.0,2014.0,1,37.0,2009.0,1
971,2,0,1140.0,5.0,2011.0,1,14.0,2012.0,2
972,0,0,14960.0,12.0,2015.0,0,50.0,2015.0,1
973,3,2,330.0,12.0,2015.0,1,28.0,2012.0,1
974,0,0,150.0,3.0,2011.0,1,40.0,2014.0,1
975,0,2,9630.0,12.0,2015.0,1,14.0,2011.0,1
976,0,0,4180.0,12.0,2015.0,0,50.0,2015.0,1
977,0,0,520.0,9.0,2005.0,1,13.0,2010.0,1
978,2,2,3890.0,12.0,2015.0,0,50.0,2015.0,1
979,0,2,2270.0,11.0,2005.0,1,14.0,2011.0,1
980,0,0,4420.0,9.0,2005.0,0,50.0,2015.0,1
981,3,2,2620.0,11.0,2002.0,0,50.0,2015.0,1
982,3,0,21930.0,12.0,2015.0,0,50.0,2015.0,1
983,0,0,40.0,3.0,2014.0,1,1.0,2014.0,1
984,2,0,440.0,12.0,2015.0,1,1.0,2013.0,1
985,2,2,490.0,5.0,2007.0,1,13.0,2010.0,1
986,0,0,620.0,10.0,2014.0,1,18.0,2014.0,0
987,2,0,1690.0,6.0,2007.0,0,50.0,2015.0,1
988,0,0,30.0,11.0,2012.0,0,50.0,2015.0,1
989,0,0,1640.0,6.0,2006.0,1,40.0,2011.0,1
990,3,0,20930.0,12.0,2015.0,0,50.0,2015.0,1
991,0,0,1010.0,12.0,2015.0,0,50.0,2015.0,1
992,0,0,2480.0,7.0,1990.0,0,50.0,2015.0,1
993,3,2,3460.0,10.0,2013.0,1,10.0,2014.0,1
994,0,0,2290.0,7.0,2011.0,1,1.0,2012.0,1
995,3,0,6560.0,12.0,2013.0,0,50.0,2015.0,1
996,2,0,2870.0,7.0,2015.0,1,13.0,2010.0,1
997,3,2,5840.0,7.0,2010.0,1,37.0,2009.0,1
998,0,0,780.0,9.0,2005.0,1,5.0,2013.0,0
999,3,2,15140.0,2.0,2002.0,1,37.0,2009.0,1
1000,0,2,2230.0,5.0,2009.0,1,40.0,2014.0,1
1001,2,0,19640.0,12.0,2015.0,1,14.0,2011.0,1
1002,3,2,1130.0,11.0,2008.0,0,50.0,2015.0,1
1003,0,0,170.0,7.0,2013.0,1,27.0,2013.0,1
1004,3,2,970.0,12.0,2015.0,1,9.0,2011.0,2
1005,0,0,6480.0,12.0,2015.0,0,50.0,2015.0,1
1006,2,2,3890.0,11.0,2006.0,1,5.0,2013.0,0
1007,2,2,4180.0,9.0,2012.0,0,50.0,2015.0,1
1008,0,2,30.0,9.0,2010.0,0,50.0,2015.0,1
1009,0,0,230.0,7.0,2004.0,1,10.0,2014.0,1
1010,3,2,4610.0,6.0,2010.0,1,18.0,2010.0,0
1011,0,2,490.0,9.0,2012.0,1,18.0,2011.0,0
1012,3,2,6330.0,6.0,2004.0,1,39.0,2010.0,1
1013,0,0,630.0,2.0,2015.0,1,31.0,2013.0,0
1014,0,2,210.0,12.0,2015.0,1,31.0,2013.0,1
1015,3,2,9910.0,12.0,2010.0,1,9.0,2011.0,2
1016,2,2,550.0,12.0,2015.0,1,35.0,2010.0,2
1017,2,0,110.0,11.0,2008.0,0,50.0,2015.0,1
1018,2,2,140.0,9.0,2012.0,0,50.0,2015.0,1
1019,3,2,2740.0,7.0,2014.0,1,13.0,2010.0,1
1020,0,0,40.0,8.0,2015.0,0,50.0,2015.0,1
1021,0,0,1080.0,5.0,2011.0,0,50.0,2015.0,1
1022,0,2,1520.0,12.0,2015.0,0,50.0,2015.0,1
1023,2,0,3740.0,2.0,2002.0,1,14.0,2011.0,1
1024,2,2,1990.0,1.0,2012.0,0,50.0,2015.0,1
1025,0,0,720.0,11.0,2009.0,0,50.0,2015.0,1
1026,2,0,450.0,6.0,2011.0,1,48.0,2012.0,2
1027,0,2,190.0,6.0,2008.0,1,40.0,2011.0,1
1028,0,0,150.0,12.0,2015.0,1,31.0,2013.0,1
1029,0,0,1590.0,3.0,2006.0,0,50.0,2015.0,1
1030,0,0,36410.0,4.0,2008.0,0,50.0,2015.0,1
1031,3,0,590.0,5.0,2001.0,0,50.0,2015.0,1
1032,3,2,270.0,2.0,2013.0,1,40.0,2012.0,1
1033,0,0,7680.0,3.0,2006.0,0,50.0,2015.0,1
1034,0,0,13750.0,4.0,2015.0,0,50.0,2015.0,1
1035,0,0,27150.0,12.0,2015.0,0,50.0,2015.0,1
1036,3,2,9560.0,12.0,2015.0,1,36.0,2013.0,1
1037,0,2,150.0,12.0,2015.0,0,50.0,2015.0,1
1038,3,0,17290.0,10.0,2013.0,0,50.0,2015.0,1
1039,0,2,70.0,6.0,1990.0,1,22.0,2012.0,2
1040,0,0,4030.0,2.0,2013.0,1,10.0,2014.0,1
1041,2,0,1600.0,8.0,2013.0,1,40.0,2014.0,1
1042,0,0,3440.0,12.0,2015.0,1,31.0,2013.0,0
1043,2,0,420.0,3.0,2006.0,0,50.0,2015.0,1
1044,2,0,240.0,4.0,2015.0,1,13.0,2010.0,1
1045,0,2,26990.0,12.0,2013.0,0,50.0,2015.0,1
1046,3,2,29070.0,4.0,2005.0,0,50.0,2015.0,1
1047,0,0,3750.0,12.0,2015.0,1,45.0,2009.0,0
1048,3,2,1860.0,9.0,2012.0,1,40.0,2012.0,1
1049,0,0,370.0,7.0,2012.0,1,14.0,2011.0,1
1050,3,2,13170.0,8.0,2014.0,1,9.0,2011.0,2
1051,2,0,200.0,7.0,1998.0,1,1.0,2012.0,1
1052,0,2,5080.0,12.0,2015.0,1,31.0,2013.0,0
1053,0,0,1710.0,7.0,2015.0,0,50.0,2015.0,1
1054,0,2,13190.0,12.0,2015.0,1,45.0,2013.0,0
1055,2,0,1980.0,4.0,2009.0,0,50.0,2015.0,1
1056,3,2,5350.0,12.0,2015.0,1,40.0,2012.0,1
1057,3,2,3230.0,11.0,2011.0,0,50.0,2015.0,1
1058,0,2,180.0,12.0,2015.0,1,35.0,2010.0,2
1059,2,0,3380.0,4.0,2013.0,0,50.0,2015.0,1
1060,0,2,3430.0,12.0,2015.0,1,31.0,2013.0,0
1061,3,2,8110.0,12.0,2015.0,0,50.0,2015.0,1
1062,3,0,190.0,9.0,2012.0,1,40.0,2012.0,0
1063,0,2,6250.0,12.0,2015.0,0,50.0,2015.0,1
1064,0,2,420.0,12.0,2015.0,0,50.0,2015.0,1
1065,0,0,1290.0,12.0,2015.0,1,35.0,2011.0,2
1066,0,0,3350.0,12.0,2015.0,0,50.0,2015.0,1
1067,3,2,12020.0,7.0,2009.0,0,50.0,2015.0,1
1068,3,2,5010.0,12.0,2015.0,1,5.0,2013.0,1
1069,0,2,18050.0,12.0,2015.0,1,14.0,2011.0,1
1070,2,2,400.0,10.0,2008.0,0,50.0,2015.0,1
1071,0,0,820.0,3.0,2012.0,1,35.0,2012.0,2
1072,0,2,5380.0,8.0,2015.0,1,5.0,2010.0,0
1073,0,2,1710.0,12.0,2015.0,1,44.0,2012.0,1
1074,2,2,3330.0,10.0,2001.0,1,14.0,2011.0,1
1075,0,2,1410.0,10.0,2013.0,0,50.0,2015.0,1
1076,0,2,90.0,12.0,2015.0,1,1.0,2013.0,1
1077,0,0,3750.0,11.0,2001.0,1,35.0,2010.0,2
1078,3,2,670.0,12.0,2015.0,1,40.0,2011.0,1
1079,0,0,16680.0,12.0,2015.0,1,37.0,2009.0,1
1080,0,0,2410.0,12.0,2015.0,1,40.0,2014.0,1
1081,1,0,400.0,3.0,2006.0,0,50.0,2015.0,1
1082,2,0,440.0,4.0,2002.0,0,50.0,2015.0,1
1083,3,2,11540.0,12.0,2015.0,1,5.0,2013.0,0
1084,0,0,190.0,12.0,2015.0,1,13.0,2010.0,1
1085,2,0,4030.0,2.0,2015.0,0,50.0,2015.0,1
1086,0,0,180.0,11.0,2013.0,1,18.0,2011.0,0
1087,3,2,2210.0,11.0,2011.0,0,50.0,2015.0,1
1088,0,0,4300.0,3.0,2009.0,1,27.0,2013.0,1
1089,3,0,5220.0,5.0,2009.0,0,50.0,2015.0,1
1090,0,0,330.0,12.0,2015.0,1,14.0,2011.0,1
1091,0,2,9990.0,12.0,2015.0,0,50.0,2015.0,1
1092,0,0,300.0,7.0,2000.0,1,40.0,2014.0,1
1093,2,2,10450.0,6.0,2009.0,0,50.0,2015.0,1
1094,3,0,2380.0,3.0,2013.0,1,40.0,2014.0,1
1095,0,0,690.0,6.0,2007.0,1,14.0,2011.0,1
1096,0,2,1130.0,12.0,2015.0,1,10.0,2014.0,2
1097,1,1,720.0,3.0,2002.0,0,50.0,2015.0,1
1098,0,0,1830.0,11.0,2004.0,0,50.0,2015.0,1
1099,0,2,200.0,4.0,2013.0,1,14.0,2013.0,1
1100,0,0,540.0,12.0,2015.0,1,14.0,2011.0,1
1101,3,2,4060.0,9.0,2012.0,0,50.0,2015.0,1
1102,0,0,850.0,11.0,2012.0,1,40.0,2014.0,1
1103,3,2,1340.0,10.0,2006.0,1,5.0,2013.0,0
1104,3,0,260.0,2.0,2012.0,1,14.0,2011.0,1
1105,2,2,330.0,11.0,2008.0,1,5.0,2013.0,0
1106,0,2,5330.0,9.0,2011.0,1,31.0,2013.0,1
1107,0,0,1400.0,6.0,2012.0,1,13.0,2010.0,1
1108,0,0,540.0,4.0,2004.0,0,50.0,2015.0,1
1109,2,0,3490.0,4.0,2011.0,1,22.0,2012.0,1
1110,2,2,900.0,9.0,2010.0,0,50.0,2015.0,1
1111,0,0,1900.0,6.0,2014.0,1,31.0,2013.0,1
1112,2,2,1880.0,4.0,2006.0,0,50.0,2015.0,1
1113,0,2,9260.0,12.0,2015.0,0,50.0,2015.0,1
1114,0,2,870.0,12.0,2015.0,0,50.0,2015.0,1
1115,3,2,5350.0,12.0,2015.0,1,22.0,2012.0,2
